
Select * from [Episodes];
Select * from [Contractilities];
Select * from [Persistencies];

INSERT OR REPLACE INTO [Episodes] ([EpisodeId],[EpisodeKey],[GA],[Fetuses],[StatusId],[Tracing],[Artifact],[Contractility],[Action],[Incremental],[Serveruid], LastMergeId, LastMergeTime, EpisodeGuid, [DateUpdated],[DateInserted]) VALUES (101,'EpisodeKey1','35',0,1,1,1,1,1,1,'sdsdsd', 1, '2015-01-01', '00000000-0000-0000-0000-000000000000', '2015-01-01','2015-01-01');
INSERT OR REPLACE INTO [Episodes] ([EpisodeId],[EpisodeKey],[GA],[Fetuses],[StatusId],[Tracing],[Artifact],[Contractility],[Action],[Incremental],[Serveruid], LastMergeId, LastMergeTime, EpisodeGuid, [DateUpdated],[DateInserted]) VALUES (102,'EpisodeKey2','35',0,1,1,1,1,1,1,'sdsdsd', 2, '2015-01-01', 'E77808DB-AF13-4EF8-806C-737CD50C679F', '2015-01-01','2015-01-01');
INSERT OR REPLACE INTO [Episodes] ([EpisodeId],[EpisodeKey],[GA],[Fetuses],[StatusId],[Tracing],[Artifact],[Contractility],[Action],[Incremental],[Serveruid], LastMergeId, LastMergeTime, EpisodeGuid, [DateUpdated],[DateInserted]) VALUES (200,'EpisodeKey3','35',0,1,1,1,1,1,1,'sdsdsd', 3, '2015-01-01', 'E77808DB-AF13-4EF8-806C-737CD50C779F', '2015-01-01','2015-01-01');
INSERT OR REPLACE INTO [Episodes] ([EpisodeId],[EpisodeKey],[GA],[Fetuses],[StatusId],[Tracing],[Artifact],[Contractility],[Action],[Incremental],[Serveruid], LastMergeId, LastMergeTime, EpisodeGuid, [DateUpdated],[DateInserted]) VALUES (205,'EpisodeKey4','35',0,1,1,1,1,1,1,'sdsdsd', -1, '2015-01-01', 'E77808DB-AF13-4EF8-806C-737CD50C879F', '2015-01-01','2015-01-01');
																																																																 
																																																																 

INSERT OR REPLACE INTO [Contractilities] ([ContractilityId],[EpisodeId],[StartTime],[EndTime],[Classification],[Variability],[IsVariabilityForStatus],[Accels],[IsAccelsForStatus],[Contractions],[IsContractionsForStatus],[LongContractions],[IsLongContractionsForStatus],[LargeDeceles],[IsLargeDecelesForStatus],[LateDecels],[IsLateDecelsForStatus],[ProlongedDecels],[IsProlongedDecelsForStatus],[DateUpdated],[DateInserted]) VALUES (1,101,'2015-01-01 00:00:00.000','2015-01-01 00:00:00.000',1,1,1,1,1,1,1,1,1,1,1,1,1,1,1,'2015-01-01','2015-01-01');
INSERT OR REPLACE INTO [Contractilities] ([ContractilityId],[EpisodeId],[StartTime],[EndTime],[Classification],[Variability],[IsVariabilityForStatus],[Accels],[IsAccelsForStatus],[Contractions],[IsContractionsForStatus],[LongContractions],[IsLongContractionsForStatus],[LargeDeceles],[IsLargeDecelesForStatus],[LateDecels],[IsLateDecelsForStatus],[ProlongedDecels],[IsProlongedDecelsForStatus],[DateUpdated],[DateInserted]) VALUES (2,101,'2015-01-01 00:00:00.000','2015-01-01 00:00:00.000',1,1,1,1,1,1,1,1,1,1,1,1,1,1,1,'2015-01-01','2015-01-01');
INSERT OR REPLACE INTO [Contractilities] ([ContractilityId],[EpisodeId],[StartTime],[EndTime],[Classification],[Variability],[IsVariabilityForStatus],[Accels],[IsAccelsForStatus],[Contractions],[IsContractionsForStatus],[LongContractions],[IsLongContractionsForStatus],[LargeDeceles],[IsLargeDecelesForStatus],[LateDecels],[IsLateDecelsForStatus],[ProlongedDecels],[IsProlongedDecelsForStatus],[DateUpdated],[DateInserted]) VALUES (3,101,'2015-01-01 00:00:00.000','2015-01-01 00:00:00.000',1,1,1,1,1,1,1,1,1,1,1,1,1,1,1,'2015-01-01','2015-01-01');
INSERT OR REPLACE INTO [Contractilities] ([ContractilityId],[EpisodeId],[StartTime],[EndTime],[Classification],[Variability],[IsVariabilityForStatus],[Accels],[IsAccelsForStatus],[Contractions],[IsContractionsForStatus],[LongContractions],[IsLongContractionsForStatus],[LargeDeceles],[IsLargeDecelesForStatus],[LateDecels],[IsLateDecelsForStatus],[ProlongedDecels],[IsProlongedDecelsForStatus],[DateUpdated],[DateInserted]) VALUES (4,102,'2015-01-01 00:00:00.000','2015-01-01 00:00:00.000',1,1,1,1,1,1,1,1,1,1,1,1,1,1,1,'2015-01-01','2015-01-01');
INSERT OR REPLACE INTO [Contractilities] ([ContractilityId],[EpisodeId],[StartTime],[EndTime],[Classification],[Variability],[IsVariabilityForStatus],[Accels],[IsAccelsForStatus],[Contractions],[IsContractionsForStatus],[LongContractions],[IsLongContractionsForStatus],[LargeDeceles],[IsLargeDecelesForStatus],[LateDecels],[IsLateDecelsForStatus],[ProlongedDecels],[IsProlongedDecelsForStatus],[DateUpdated],[DateInserted]) VALUES (5,102,'2015-01-01 00:00:00.000','2015-01-01 00:00:00.000',1,1,1,1,1,1,1,1,1,1,1,1,1,1,1,'2015-01-01','2015-01-01');
INSERT OR REPLACE INTO [Contractilities] ([ContractilityId],[EpisodeId],[StartTime],[EndTime],[Classification],[Variability],[IsVariabilityForStatus],[Accels],[IsAccelsForStatus],[Contractions],[IsContractionsForStatus],[LongContractions],[IsLongContractionsForStatus],[LargeDeceles],[IsLargeDecelesForStatus],[LateDecels],[IsLateDecelsForStatus],[ProlongedDecels],[IsProlongedDecelsForStatus],[DateUpdated],[DateInserted]) VALUES (6,200,'2015-01-01 00:00:00.000','2015-01-01 00:00:00.000',1,1,1,1,1,1,1,1,1,1,1,1,1,1,1,'2015-01-01','2015-01-01');
INSERT OR REPLACE INTO [Contractilities] ([ContractilityId],[EpisodeId],[StartTime],[EndTime],[Classification],[Variability],[IsVariabilityForStatus],[Accels],[IsAccelsForStatus],[Contractions],[IsContractionsForStatus],[LongContractions],[IsLongContractionsForStatus],[LargeDeceles],[IsLargeDecelesForStatus],[LateDecels],[IsLateDecelsForStatus],[ProlongedDecels],[IsProlongedDecelsForStatus],[DateUpdated],[DateInserted]) VALUES (7,200,'2015-01-01 00:00:00.000','2015-01-01 00:00:00.000',1,1,1,1,1,1,1,1,1,1,1,1,1,1,1,'2015-01-01','2015-01-01');
INSERT OR REPLACE INTO [Contractilities] ([ContractilityId],[EpisodeId],[StartTime],[EndTime],[Classification],[Variability],[IsVariabilityForStatus],[Accels],[IsAccelsForStatus],[Contractions],[IsContractionsForStatus],[LongContractions],[IsLongContractionsForStatus],[LargeDeceles],[IsLargeDecelesForStatus],[LateDecels],[IsLateDecelsForStatus],[ProlongedDecels],[IsProlongedDecelsForStatus],[DateUpdated],[DateInserted]) VALUES (8,200,'2015-01-01 00:00:00.000','2015-01-01 00:00:00.000',1,1,1,1,1,1,1,1,1,1,1,1,1,1,1,'2015-01-01','2015-01-01');
INSERT OR REPLACE INTO [Contractilities] ([ContractilityId],[EpisodeId],[StartTime],[EndTime],[Classification],[Variability],[IsVariabilityForStatus],[Accels],[IsAccelsForStatus],[Contractions],[IsContractionsForStatus],[LongContractions],[IsLongContractionsForStatus],[LargeDeceles],[IsLargeDecelesForStatus],[LateDecels],[IsLateDecelsForStatus],[ProlongedDecels],[IsProlongedDecelsForStatus],[DateUpdated],[DateInserted]) VALUES (9,200,'2015-01-01 00:00:00.000','2015-01-01 00:00:00.000',1,1,1,1,1,1,1,1,1,1,1,1,1,1,1,'2015-01-01','2015-01-01');
INSERT OR REPLACE INTO [Contractilities] ([ContractilityId],[EpisodeId],[StartTime],[EndTime],[Classification],[Variability],[IsVariabilityForStatus],[Accels],[IsAccelsForStatus],[Contractions],[IsContractionsForStatus],[LongContractions],[IsLongContractionsForStatus],[LargeDeceles],[IsLargeDecelesForStatus],[LateDecels],[IsLateDecelsForStatus],[ProlongedDecels],[IsProlongedDecelsForStatus],[DateUpdated],[DateInserted]) VALUES (10,200,'2015-01-01 00:00:00.000','2015-01-01 00:00:00.000',1,1,1,1,1,1,1,1,1,1,1,1,1,1,1,'2015-01-01','2015-01-01');
INSERT OR REPLACE INTO [Contractilities] ([ContractilityId],[EpisodeId],[StartTime],[EndTime],[Classification],[Variability],[IsVariabilityForStatus],[Accels],[IsAccelsForStatus],[Contractions],[IsContractionsForStatus],[LongContractions],[IsLongContractionsForStatus],[LargeDeceles],[IsLargeDecelesForStatus],[LateDecels],[IsLateDecelsForStatus],[ProlongedDecels],[IsProlongedDecelsForStatus],[DateUpdated],[DateInserted]) VALUES (11,200,'2015-01-01 00:00:00.000','2015-01-01 00:00:00.000',1,1,1,1,1,1,1,1,1,1,1,1,1,1,1,'2015-01-01','2015-01-01');
INSERT OR REPLACE INTO [Contractilities] ([ContractilityId],[EpisodeId],[StartTime],[EndTime],[Classification],[Variability],[IsVariabilityForStatus],[Accels],[IsAccelsForStatus],[Contractions],[IsContractionsForStatus],[LongContractions],[IsLongContractionsForStatus],[LargeDeceles],[IsLargeDecelesForStatus],[LateDecels],[IsLateDecelsForStatus],[ProlongedDecels],[IsProlongedDecelsForStatus],[DateUpdated],[DateInserted]) VALUES (11,205,'2015-01-01 00:00:00.000','2015-01-01 00:00:00.000',1,1,1,1,1,1,1,1,1,1,1,1,1,1,1,'2015-01-01','2015-01-01');



INSERT OR REPLACE INTO [Persistencies] ([PersistenceId],[EpisodeId],[StartTime],[EndTime],[State],[AcknowledgeDate],[AcknowledgeUserType],[Variability],[IsVariabilityForStatus],[Accels],[IsAccelsForStatus],[Contractions],[IsContractionsForStatus],[LongContractions],[IsLongContractionsForStatus],[LargeDeceles],[IsLargeDecelesForStatus],[LateDecels],[IsLateDecelsForStatus],[ProlongedDecels],[IsProlongedDecelsForStatus],[DateUpdated],[DateInserted]) VALUES (1,101,'2015-01-01 00:00:00.000','2015-01-01 00:00:00.000',1,'2015-01-01 00:00:00.000','1',1,1,1,1,1,1,1,1,1,1,1,1,1,1,'2015-01-01','2015-01-01');
INSERT OR REPLACE INTO [Persistencies] ([PersistenceId],[EpisodeId],[StartTime],[EndTime],[State],[AcknowledgeDate],[AcknowledgeUserType],[Variability],[IsVariabilityForStatus],[Accels],[IsAccelsForStatus],[Contractions],[IsContractionsForStatus],[LongContractions],[IsLongContractionsForStatus],[LargeDeceles],[IsLargeDecelesForStatus],[LateDecels],[IsLateDecelsForStatus],[ProlongedDecels],[IsProlongedDecelsForStatus],[DateUpdated],[DateInserted]) VALUES (2,101,'2015-01-01 00:00:00.000','2015-01-01 00:00:00.000',1,'2015-01-01 00:00:00.000','1',1,1,1,1,1,1,1,1,1,1,1,1,1,1,'2015-01-01','2015-01-01');
INSERT OR REPLACE INTO [Persistencies] ([PersistenceId],[EpisodeId],[StartTime],[EndTime],[State],[AcknowledgeDate],[AcknowledgeUserType],[Variability],[IsVariabilityForStatus],[Accels],[IsAccelsForStatus],[Contractions],[IsContractionsForStatus],[LongContractions],[IsLongContractionsForStatus],[LargeDeceles],[IsLargeDecelesForStatus],[LateDecels],[IsLateDecelsForStatus],[ProlongedDecels],[IsProlongedDecelsForStatus],[DateUpdated],[DateInserted]) VALUES (3,101,'2015-01-01 00:00:00.000','2015-01-01 00:00:00.000',1,'2015-01-01 00:00:00.000','1',1,1,1,1,1,1,1,1,1,1,1,1,1,1,'2015-01-01','2015-01-01');
INSERT OR REPLACE INTO [Persistencies] ([PersistenceId],[EpisodeId],[StartTime],[EndTime],[State],[AcknowledgeDate],[AcknowledgeUserType],[Variability],[IsVariabilityForStatus],[Accels],[IsAccelsForStatus],[Contractions],[IsContractionsForStatus],[LongContractions],[IsLongContractionsForStatus],[LargeDeceles],[IsLargeDecelesForStatus],[LateDecels],[IsLateDecelsForStatus],[ProlongedDecels],[IsProlongedDecelsForStatus],[DateUpdated],[DateInserted]) VALUES (4,101,'2015-01-01 00:00:00.000','2015-01-01 00:00:00.000',1,'2015-01-01 00:00:00.000','1',1,1,1,1,1,1,1,1,1,1,1,1,1,1,'2015-01-01','2015-01-01');
INSERT OR REPLACE INTO [Persistencies] ([PersistenceId],[EpisodeId],[StartTime],[EndTime],[State],[AcknowledgeDate],[AcknowledgeUserType],[Variability],[IsVariabilityForStatus],[Accels],[IsAccelsForStatus],[Contractions],[IsContractionsForStatus],[LongContractions],[IsLongContractionsForStatus],[LargeDeceles],[IsLargeDecelesForStatus],[LateDecels],[IsLateDecelsForStatus],[ProlongedDecels],[IsProlongedDecelsForStatus],[DateUpdated],[DateInserted]) VALUES (5,102,'2015-01-01 00:00:00.000','2015-01-01 00:00:00.000',1,'2015-01-01 00:00:00.000','1',1,1,1,1,1,1,1,1,1,1,1,1,1,1,'2015-01-01','2015-01-01');
INSERT OR REPLACE INTO [Persistencies] ([PersistenceId],[EpisodeId],[StartTime],[EndTime],[State],[AcknowledgeDate],[AcknowledgeUserType],[Variability],[IsVariabilityForStatus],[Accels],[IsAccelsForStatus],[Contractions],[IsContractionsForStatus],[LongContractions],[IsLongContractionsForStatus],[LargeDeceles],[IsLargeDecelesForStatus],[LateDecels],[IsLateDecelsForStatus],[ProlongedDecels],[IsProlongedDecelsForStatus],[DateUpdated],[DateInserted]) VALUES (6,102,'2015-01-01 00:00:00.000','2015-01-01 00:00:00.000',1,'2015-01-01 00:00:00.000','1',1,1,1,1,1,1,1,1,1,1,1,1,1,1,'2015-01-01','2015-01-01');
INSERT OR REPLACE INTO [Persistencies] ([PersistenceId],[EpisodeId],[StartTime],[EndTime],[State],[AcknowledgeDate],[AcknowledgeUserType],[Variability],[IsVariabilityForStatus],[Accels],[IsAccelsForStatus],[Contractions],[IsContractionsForStatus],[LongContractions],[IsLongContractionsForStatus],[LargeDeceles],[IsLargeDecelesForStatus],[LateDecels],[IsLateDecelsForStatus],[ProlongedDecels],[IsProlongedDecelsForStatus],[DateUpdated],[DateInserted]) VALUES (7,200,'2015-01-01 00:00:00.000','2015-01-01 00:00:00.000',1,'2015-01-01 00:00:00.000','1',1,1,1,1,1,1,1,1,1,1,1,1,1,1,'2015-01-01','2015-01-01');
INSERT OR REPLACE INTO [Persistencies] ([PersistenceId],[EpisodeId],[StartTime],[EndTime],[State],[AcknowledgeDate],[AcknowledgeUserType],[Variability],[IsVariabilityForStatus],[Accels],[IsAccelsForStatus],[Contractions],[IsContractionsForStatus],[LongContractions],[IsLongContractionsForStatus],[LargeDeceles],[IsLargeDecelesForStatus],[LateDecels],[IsLateDecelsForStatus],[ProlongedDecels],[IsProlongedDecelsForStatus],[DateUpdated],[DateInserted]) VALUES (8,200,'2015-01-01 00:00:00.000','2015-01-01 00:00:00.000',1,'2015-01-01 00:00:00.000','1',1,1,1,1,1,1,1,1,1,1,1,1,1,1,'2015-01-01','2015-01-01');
INSERT OR REPLACE INTO [Persistencies] ([PersistenceId],[EpisodeId],[StartTime],[EndTime],[State],[AcknowledgeDate],[AcknowledgeUserType],[Variability],[IsVariabilityForStatus],[Accels],[IsAccelsForStatus],[Contractions],[IsContractionsForStatus],[LongContractions],[IsLongContractionsForStatus],[LargeDeceles],[IsLargeDecelesForStatus],[LateDecels],[IsLateDecelsForStatus],[ProlongedDecels],[IsProlongedDecelsForStatus],[DateUpdated],[DateInserted]) VALUES (9,200,'2015-01-01 00:00:00.000','2015-01-01 00:00:00.000',1,'2015-01-01 00:00:00.000','1',1,1,1,1,1,1,1,1,1,1,1,1,1,1,'2015-01-01','2015-01-01');
INSERT OR REPLACE INTO [Persistencies] ([PersistenceId],[EpisodeId],[StartTime],[EndTime],[State],[AcknowledgeDate],[AcknowledgeUserType],[Variability],[IsVariabilityForStatus],[Accels],[IsAccelsForStatus],[Contractions],[IsContractionsForStatus],[LongContractions],[IsLongContractionsForStatus],[LargeDeceles],[IsLargeDecelesForStatus],[LateDecels],[IsLateDecelsForStatus],[ProlongedDecels],[IsProlongedDecelsForStatus],[DateUpdated],[DateInserted]) VALUES (9,205,'2015-01-01 00:00:00.000','2015-01-01 00:00:00.000',1,'2015-01-01 00:00:00.000','1',1,1,1,1,1,1,1,1,1,1,1,1,1,1,'2015-01-01','2015-01-01');
INSERT OR REPLACE INTO [Persistencies] ([PersistenceId],[EpisodeId],[StartTime],[EndTime],[State],[AcknowledgeDate],[AcknowledgeUserType],[Variability],[IsVariabilityForStatus],[Accels],[IsAccelsForStatus],[Contractions],[IsContractionsForStatus],[LongContractions],[IsLongContractionsForStatus],[LargeDeceles],[IsLargeDecelesForStatus],[LateDecels],[IsLateDecelsForStatus],[ProlongedDecels],[IsProlongedDecelsForStatus],[DateUpdated],[DateInserted]) VALUES (10,101,'2015-01-01 00:00:00.000','2015-01-01 00:00:00.000',1,'2015-01-01 00:00:00.000','1',1,1,1,1,1,1,1,1,1,1,1,1,1,1,'2015-01-01','2015-01-01');
INSERT OR REPLACE INTO [Persistencies] ([PersistenceId],[EpisodeId],[StartTime],[EndTime],[State],[AcknowledgeDate],[AcknowledgeUserType],[Variability],[IsVariabilityForStatus],[Accels],[IsAccelsForStatus],[Contractions],[IsContractionsForStatus],[LongContractions],[IsLongContractionsForStatus],[LargeDeceles],[IsLargeDecelesForStatus],[LateDecels],[IsLateDecelsForStatus],[ProlongedDecels],[IsProlongedDecelsForStatus],[DateUpdated],[DateInserted]) VALUES (10,102,'2015-01-01 00:00:00.000','2015-01-01 00:00:00.000',1,'2015-01-01 00:00:00.000','1',1,1,1,1,1,1,1,1,1,1,1,1,1,1,'2015-01-01','2015-01-01');
INSERT OR REPLACE INTO [Persistencies] ([PersistenceId],[EpisodeId],[StartTime],[EndTime],[State],[AcknowledgeDate],[AcknowledgeUserType],[Variability],[IsVariabilityForStatus],[Accels],[IsAccelsForStatus],[Contractions],[IsContractionsForStatus],[LongContractions],[IsLongContractionsForStatus],[LargeDeceles],[IsLargeDecelesForStatus],[LateDecels],[IsLateDecelsForStatus],[ProlongedDecels],[IsProlongedDecelsForStatus],[DateUpdated],[DateInserted]) VALUES (10,200,'2015-01-01 00:00:00.000','2015-01-01 00:00:00.000',1,'2015-01-01 00:00:00.000','1',1,1,1,1,1,1,1,1,1,1,1,1,1,1,'2015-01-01','2015-01-01');


